Type,ID,Description
Word,w1,​焦虑
Word,w2,种族
Word,w3,男性
Word,w4,​不适感
Word,w5,敏感性
Word,w6,​热像图
Word,w7,​获益
Word,w8,偏倚
Word,w9,​危害
Word,w10,​过度诊断
Word,w11,​超声检查
Word,w12,​背景
Word,w13,分析方法：随访分析法
Word,w14,特殊人群
Word,w15,老年女性
Word,w16,​乳腺自我检查
Word,w17,干扰：无
Word,w18,间期癌
Word,w19,机构特征
Word,w20,​射线暴露
Word,w21,分析方法：评估分析法
Word,w22,​国家对比
Word,w23,​肿瘤特征
Word,w24,年轻女性
Word,w25,患者特征
Word,w26,医师特征
Word,w27,数字乳腺X线摄影
Phrase,p1,乳腺X线摄影及CAD
Phrase,p2,​磁共振成像
Phrase,p3,依从性：参与度89%
Phrase,p4,对照组：常规护理
Phrase,p5,外部审核：无
Phrase,p6,乳腺X线摄影筛查
Phrase,p7,依从性：61%的受试者完成了筛查
Phrase,p8,依从性：89%的受试者完成了筛查
Phrase,p9,随机对照临床试验
Phrase,p10,依从性：82%的受试者完成了筛查
Phrase,p11,​一致性： 一般
Phrase,p12,RCT总结
Phrase,p13,乳腺组织致密
Phrase,p14,外部审核：无
Phrase,p15,既往放疗史
Phrase,p16,​临床乳腺检查
Phrase,p17,乳腺X线摄影的益处
Phrase,p18,BCSC 网站
Phrase,p19,对照组：每年进行一次CBE
Phrase,p20,排除：各项报告排除例数不一致
Phrase,p21,外部稽查：有
Phrase,p22,乳腺X线摄影——影响准确性的变量
Phrase,p23,随访时间：12年
Phrase,p24,​外部效度：较差
Phrase,p25,随访时间：8年
Phrase,p26,乳腺癌筛查方法——乳腺X线摄影
Phrase,p27,报告的一致性：佳
Phrase,p28,​导管内原位癌
Phrase,p29,报告的一致性：多样
Phrase,p30,目前年龄（岁）
Phrase,p31,随访时间：18年
Phrase,p32,​乳房症状评估
Phrase,p33,乳腺癌（PDQ®）：筛查​
Phrase,p34,乳腺癌监管联合会
Phrase,p35,特异性和假阳性率
Phrase,p36,​证据描述
Phrase,p37,乳腺癌的筛查概念
Phrase,p38,​内部效度： 佳
Phrase,p39,随访时间：10年
Phrase,p40,乳腺X线摄影的描述及背景
Phrase,p41,随访时间：13年
Phrase,p42,乳腺X线摄影筛查的危害
Phrase,p43,随访时间：10.7年
Phrase,p44,既往乳腺癌病史
Phrase,p45,评论：随机分组过程存在瑕疵
Phrase,p46,​乳腺癌的发病率和死亡率
Phrase,p47,共有17项研究满足入选标准
Phrase,p48,附录：随机对照试验
Phrase,p49,排除：很少，各组间保持平衡
Phrase,p50,基于人群的筛查项目的有效性
Phrase,p51,随机分组：个体随机分组（见前述NBSS-1）
Phrase,p52,乳腺癌筛查方法——除乳腺X线摄影之外的其他方法
Phrase,p53,随访时间：12到14年
Phrase,p54,预期寿命有限的女性
Phrase,p55,研究设计： 基于人群的描述性研究
Phrase,p56,改编自Altekruse et al.
Phrase,p57,乳腺癌的诊断和病理学
Phrase,p58,有效性及准确度的评估
Phrase,p59,​乳腺癌的危险因素
Phrase,p60,未来10年内的风险
Phrase,p61,​研究设计： 两项RCT
Phrase,p62,​乳腺癌的病理诊断
Phrase,p63,乳腺癌的治疗与妊娠
Phrase,p64,随机分组：根据出生日期分组
Phrase,p65,对照组：第5年进行一次MMG
Phrase,p66,报告的一致性：不适用
Phrase,p67,髓样癌出于同样的原因也可能会被漏诊
Phrase,p68,​效应强度： 无效
Phrase,p69,​一致性和外部效度：较差
Phrase,p70,前三次筛查仅单次阅片，之后为双重阅片
Phrase,p71,既往接受过胸部放疗的女性
Phrase,p72,​假阳性导致额外干预
Phrase,p73,其他关于BSE的研究十分有限
Phrase,p74,内部效度和一致性： 一般
Phrase,p75,干扰：常规护理组26.4%出现了干扰
Phrase,p76,然而这样的结果并未出现
Phrase,p77,试验组：每年进行双视图MMG和CBE
Phrase,p78,目前已有部分CAD系统正在应用之中
Phrase,p79,女性在检查中的体位亦十分重要
Phrase,p80,分析方法：联合评估和随访分析法
Phrase,p81,入组年龄：45到64岁
Phrase,p82,干扰：单独CBE筛查组16.9%出现了干扰
Phrase,p83,瑞典荟萃分析适当地解决了这些问题
Phrase,p84,乳腺癌监管联合会（BSCS）网站
Phrase,p85,入组年龄：39到59岁
Phrase,p86,乳腺癌诊断的终生风险
Phrase,p87,入组年龄：50到59岁
Phrase,p88,入组年龄：45到69岁
Phrase,p89,入组年龄：40到64岁
Phrase,p90,"样本量：试验组和对照组分别有23,226例和21,904例受试者"
Phrase,p91,入组年龄：39到41岁
Phrase,p92,"样本量：试验组和对照组分别为21,088例和21,195例受试者"
Phrase,p93,​研究设计：两项RCT及队列研究
Phrase,p94,研究数据连接瑞典死亡原因登记处
Phrase,p95,经乳腺X线摄影筛查检出肿瘤的特性
Phrase,p96,其他危险因素和风险预测模型
Phrase,p97,入组年龄：40到74岁
Phrase,p98,DCIS最常通过乳腺X线摄影诊断
Phrase,p99,但研究中，使用乳腺X线摄影进行筛查的比例较低
Phrase,p100,对这些肿瘤进行治疗将会导致过度治疗
Phrase,p101,表1. 乳腺癌的诊断风险
Phrase,p102,1 Sv的辐射剂量相当于进行200次乳腺X线摄影
Phrase,p103,入组年龄：40到49岁
Phrase,p104,死亡原因分析：癌症登记数据
Phrase,p105,筛查获益很小的人群
Sentence,s1,瑞典荟萃分析中应用随访分析法
Sentence,s2,报告的一致性：患者数量并无差别
Sentence,s3,如何确定两次乳腺X线摄影筛查之间的最佳间隔尚有争议
Sentence,s4,此外，两组没有接受过其他任何乳腺癌筛查的检查
Sentence,s5,对照组：常规护理，并在研究结束时进行一次MMG
Sentence,s6,独立稽查，并由审核人员分析数据
Sentence,s7,乳腺X线摄影利用电离辐射使乳腺组织成像
Sentence,s8,类似的研究亦在西班牙裔人群中开展
Sentence,s9,随后作为瑞典荟萃分析的一部分，使用随访分析法
Sentence,s10,总体而言，仅有约1%的病例死于乳腺癌
Sentence,s11,报告的一致性：不同报告在样本量上各有差异
Sentence,s12,​研究设计： 独立RCT研究，人群队列研究
Sentence,s13,独立稽查，并由审核人员分析数据
Sentence,s14,组织活检（细针抽吸活检、乳头抽吸活检、乳管灌洗）
Sentence,s15,​假阴性导致错误的安全感
Sentence,s16,对随机分组的地理集群，研究者比较了基础乳腺癌的发病率和死亡率
Sentence,s17,试验组：每隔28个月进行一次单视图MMG，共2次
Sentence,s18,荟萃分析未发现其他年龄差异
Sentence,s19,"样本量：共160,921例（其中试验组和对照组分别为53,884例和106,956例）"
Sentence,s20,乳腺癌中约1%发生于男性
Sentence,s21,因此通过计算可知，乳腺钼靶检查的结果为异常时，其PPV为8%
Sentence,s22,依从性：试验初期100%受试者完成了筛查；第五次筛查时该比例降至85.5%
Sentence,s23,"样本量：最新发表的报告中，试验组和对照组分别有21,650例和29,961例"
Sentence,s24,其他有关本实验的评论和质疑，见前述NBSS-1
Sentence,s25,​使用CBE筛查可能会导致以下危害：
Sentence,s26,​初次筛查与随访筛查的对比及其筛查间隔
Sentence,s27,随访时间：11-16年（平均13年）
Sentence,s28,这一检查不存在射线暴露
Sentence,s29,建模人员给出了最佳筛查间隔
Sentence,s30,​乳腺癌的发病率随着女性年龄的增加而增加
Sentence,s31,对于年龄大于70岁的女性而言，这一PPV数值为14%
Sentence,s32,数据连接加拿大统计局的加拿大死亡率数据库
Sentence,s33,此外，亦包括特殊人群乳腺癌筛查的相关信息
Sentence,s34,（更多信息参见肿瘤筛查总论）
Sentence,s35,随机分组：根据分组列表上的姓名进行个体随机分组
Sentence,s36,异常的筛查结果可能会导致增加检查，并使患者发生焦虑
Sentence,s37,虽然两组并非随机分组，但参与者无明显偏倚
Sentence,s38,试验组：每隔18到24个月进行一次双视图乳腺X线摄影（MMG），共5次
Sentence,s39,试验组：每年进行一次双视图乳腺X线摄影（MMG）和CBE，持续3年
Sentence,s40,但是，两组如何确定这些应被排除的病例尚有差异
Sentence,s41,试验组：每年进行双视图MMG和CBE，持续4到5年
Sentence,s42,这样的对比可能受到社会、文化及经济等多种混杂因素的影响
Sentence,s43,死亡原因分析：连接瑞典死亡原因登记处
Sentence,s44,这些受试者一经排除，将不会参与试验的任何后续分析
Sentence,s45,而其中只有6.2%得到肿瘤的诊断，多为II期或III期肿瘤
Sentence,s46,结论：试验结果并无统计学意义，但与其他试验结果相符
Sentence,s47,分析方法：开始使用评估分析法，随后作为瑞典荟萃分析的一部分，使用随访分析法
Sentence,s48,依从性：迁离马尔默市的受试者（每年2%）未被随访
Sentence,s49,因此，任何女性都不能因为一份阴性的乳腺钼靶筛查报告而停止对乳腺症状的关注和处理
Sentence,s50,事实上，大部分晚期乳腺癌肿瘤发生在未进行筛查的女性中
Sentence,s51,死亡原因分析：由一组当地的临床医师判定
Sentence,s52,每年，人体从环境中所接收的辐射剂量约为3 mSv
Sentence,s53,分析方法：开始使用评估分析法，并对对照组MMG的延迟进行校正
Sentence,s54,上述接受进一步检查的患者中，有0.5%的病例被诊断为乳腺癌
Sentence,s55,某些肿瘤较其他类型相比更容易被乳腺X线摄影检出
Sentence,s56,因此，使用MRI进行筛查的女性进行外科活检，会得到更多阴性结果
Sentence,s57,而年龄小于50岁的女性寻求医疗评估的可能性是年龄大于50岁女性的2倍
Sentence,s58,低收入的白人相对于高收入的白人，更容易罹患晚期乳腺癌
Sentence,s59,"样本量：试验组有19,711例受试者（在入组CBE检查后，受试者100%完成了后续筛查），对照组有19,694例受试者"
Sentence,s60,进行乳腺X线摄影随访的建议尚未统一，且不同随访策略的证据尚属不足
Sentence,s61,其他试验的审核程度则各有不同，常常会较为宽松
Sentence,s62,确凿的研究证据证明，进行乳腺癌筛查可能存在以下获益：
Sentence,s63,社区诊所CBE的准确性可能不如RCT研究
Sentence,s64,分析方法：评估分析法，而对照组在试验结束后进行MMG的时间晚了1年
Sentence,s65,（更多信息参见乳腺癌的治疗 相关PDQ总结）
Sentence,s66,此外，读者应该谨记本试验的干预措施包括了MMG和CBE
Sentence,s67,此外，印度及埃及仍有两项有关CBE的国际间临床试验正在进行之中
Sentence,s68,（更多信息参见本份总结的特殊人群部分）
Sentence,s69,乳腺癌患者不知道死亡原因的分析情况
Sentence,s70,"样本量：试验组有25,214例受试者（在入组CBE检查后，受试者100%完成了后续筛查），对照组有25,216例受试者"
Sentence,s71,所有研究均考虑了肿瘤的分期、淋巴结情况及肿瘤大小
Sentence,s72,男性乳腺癌的治疗方法包括手术、放疗及系统性的辅助性激素治疗或化疗
Sentence,s73,该检查主要通过在两块平板间压紧乳腺组织，进行成像
Sentence,s74,标准的两个体位筛查技术单次放射剂量为4-24mSv
Sentence,s75,在两组间针对年龄进行的分析并未显示显著差异
Sentence,s76,确凿的证据显示，使用乳腺X线摄影筛查可能会导致下列危害：
Sentence,s77,两组中在入组前已被诊断为乳腺癌的受试者均被纳入试验范围
Sentence,s78,整群随机分组的一个弊端是可能会引起试验组与对照组之间的不平衡
Sentence,s79,美国乳腺癌的发病率和死亡率的统计建模
Sentence,s80,因此，虽然乳腺钼靶检查的特异性高达90%，大多数异常的X-线结果都是假阳性事件
Sentence,s81,试验组：第一次为双视图MMG，随后每隔18个月进行一次单视图MMG，共4次
Sentence,s82,这些检查往往耗费数月时间，同时会引起焦虑
Sentence,s83,潜伏期至少8年，而且辐射导致患癌风险增加为终生效应
Sentence,s84,症状检出乳腺癌患者的生存风险比为0.79（95%CI，0.63-0.99）
Sentence,s85,每一个体位都需要包含从乳头到胸肌的全部乳腺组织
Sentence,s86,依从性：未参与第一次筛查的受试者（占筛查总人群的35%）将不会再被录入试验
Sentence,s87,死亡原因分析：由一组当地的临床医师判定（见上述东约特兰试验）
Sentence,s88,乳腺癌相关死亡的相对危险度，筛查组与对照组相比（95%CI）：0.83（0.66-1.04）
Sentence,s89,结果显示，西班牙裔女性往往体重指数更高，产次更多，且妊娠时间更早
Sentence,s90,增强检查经常在正常乳腺中检出强化病灶，因此磁共振检查的假阳性事件亦很常见
Sentence,s91,乳腺癌相关死亡的相对危险度，筛查组与对照组相比（95%CI）：1.02（0.78-1.33）
Sentence,s92,因此，检出并治疗触诊阴性的DCIS病灶常常意味着过度诊断和过度治疗
Sentence,s93,乳腺癌相关死亡的相对危险度，筛查组与对照组相比（95%CI）：0.80（0.53-1.22）
Sentence,s94,这12例乳腺癌患者中，可能只有1-2例寿命能延长
Sentence,s95,死亡原因分析：较早期研究中尸检率为76%，这一比例在其后的研究中有所下降
Sentence,s96,基于上述及其他危险因素，已有多个模型可用于估算女性乳腺癌的个体化患病风险
Sentence,s97,在单独CBE筛查组，试验初期100%的受试者完成了筛查，第五次筛查时该比例降至85.4%
Sentence,s98,乳腺癌相关死亡的相对危险度，筛查组与对照组相比（95%CI）：0.84（0.63-1.12）
Sentence,s99,其余21到34例异常病例为真阳性，即有乳腺癌
Sentence,s100,"第一项研究是列宁格勒研究，共100,000例女性入组，并使用群体随机分组法将其分为BSE训练组及对照组"
Sentence,s101,本总结不提供正式指南，亦不提供医疗决策建议
Sentence,s102,乳腺癌相关死亡的相对危险度，筛查组与对照组相比（95%CI）：0.68（0.52-0.89）
Sentence,s103,年龄大于65岁的黑人女性更少进行乳腺钼靶筛查
Sentence,s104,​除筛查手段干预外，乳腺癌的发生风险还取决于多种因素
Sentence,s105,射线暴露危害的重要预测因素为射线剂量，以及接受射线暴露时年龄偏小
Sentence,s106,CAD系统通常会增加摄片的敏感性、降低特异性，并提高导管内原位癌的检出率
Sentence,s107,基于MQSA的乳腺X线摄影机构调查、乳腺X-线成设备评估和医师资格要求
Sentence,s108,关于乳腺癌检测或筛查的专家审核信息
Sentence,s109,而瑞典荟萃分析在对这些数据进行解析时解决了大部分问题
Sentence,s110,而另外一些肿瘤，特别是伴有BRCA1/2突变的肿瘤，常常会表现为良性肿瘤特征
Sentence,s111,结果显示，其中9名女性发展为浸润性乳腺癌，而4名女性死于这一疾病
Sentence,s112,乳腺癌相关死亡的相对危险度，筛查组对比对照组（95%CI）：0.81 （0.62-1.07）
Sentence,s113,（更多信息参见本总结的随机对照临床试验章节）
Sentence,s114,乳腺癌相关死亡的相对危险度，筛查组与对照组相比（95%CI）：0.97（0.74-1.27）
Sentence,s115,​研究设计： 基于人群的对比性描述性研究、尸检病例研究、乳腺切除标本的系列研究
Sentence,s116,如果特异性较低，就意味着假阳性事件增多，这会导致不必要的进一步随访检查和干预
Sentence,s117,对随机分组的地理集群，研究者比较了基础乳腺癌的发病率和死亡率
Sentence,s118,病程偏倚：乳腺X线摄影可以在出现症状前检测出肿瘤，而不同患者的潜伏期长短不一
Sentence,s119,一项对加利福尼亚65-79岁之间的医疗保险获益者的研究，清楚地说明了这一点
Sentence,s120,由乳腺X线检出肿瘤而延长寿命的人数约为2-6
Sentence,s121,其中，20名女性被诊断为乳腺肿瘤（13例浸润性乳腺癌和7例导管内原位癌[DCIS]）
Sentence,s122,乳腺癌相关死亡的相对危险度，筛查组与对照组相比（95%CI）：东约特兰试验为0.82（0.64-1.05）
Sentence,s123,不少临床试验比较了两种技术的筛查效果，得出的结论类似
Sentence,s124,而对于年龄大于69岁的女性，发病率并未出现相应的下降
Sentence,s125,部分基于人群的观察性研究对比了应用筛查手段前后乳腺癌发病率的差异
Sentence,s126,"5年内，共进行过311,082例SFM筛查和56,518例FFDM筛查"
Sentence,s127,随机分组：地理集群分组，并根据居住地（城镇或乡村）、社会经济因素和体型进行分层
Sentence,s128,随机分组：根据临床医师诊所进行集群分组，然而试验开始后许多随机分组安排均已改变
Sentence,s129,事实上，在死于非肿瘤原因的女性中，癌的患病率出乎意料地高
Sentence,s130,依从性：在MMG联合CBE组，试验初始100%的受试者完成了筛查，第五次筛查时该比例降至86.7%
Sentence,s131,干扰：25%的受试者在入组前3年内曾进行过MMG
Sentence,s132,存在乳房症状的女性往往需要进行诊断性评估，故此类女性并非乳腺癌筛查目标
Sentence,s133,由于几乎所有的DCIS病例均被治愈，因此人们对DCIS的自然病史了解甚少
Sentence,s134,在罹患乳腺癌女性中，只有不到六分之一的女性会死于这一疾病
Sentence,s135,在多数分析中都将马尔默的两项研究，即MMST I和MMST II结合起来
Sentence,s136,"样本量：实验组为30,000到31,092例受试者；对照组为30,365到30,765例受试者"
Sentence,s137,"而仅在2014年，就有约72,330名美国女性死于肺癌"
Sentence,s138,若疾病诊断发生于入组之前，则分析中排除该受试者
Sentence,s139,直至试验结束后，不同诊所之间社会经济状态间的巨大差异才受到关注
Sentence,s140,相反，中危组及高危组的复发率均较高，且应用术后放疗有所收益
Sentence,s141,其中417例女性采集到乳头抽吸液，但只有111例（27%）的样本量是充足的
Sentence,s142,此外，不同临床试验用于分析结果的方法亦有所不同
Sentence,s143,一项对比高质量CBE和筛查性乳腺X线摄影的独立RCT研究发现，二者有效性基本一致
Sentence,s144,在这些寻求医疗干预的女性中，66%会接受过度检查，而27%甚至会采取有创操作
Sentence,s145,尚无证据支持在年龄小于40岁的中危女性中推广乳腺X线摄影筛查
Sentence,s146,而随访筛查检出乳腺癌的可能性则有所下降，每1000例筛查女性中可检出1-3例乳腺癌
Sentence,s147,低危DCIS病例可通过更少的治疗控制，因此明确诊断此类DCIS显得十分重要
Sentence,s148,此外，受试者认为乳管灌洗操作所带来的不适感，与乳腺X线摄影的不适感相似
Sentence,s149,相比于筛查性乳腺X线摄影，乳腺MRI更为敏感，但更不特异，价格更高
Sentence,s150,临床乳腺检查及乳腺自我检查亦经研究评估，但是否有效尚未可知
Sentence,s151,对于任何年龄的女性而言，腺体密度较高均与敏感性下降有关，约下降10%到29%不等
Sentence,s152,其中，大部分病例是在出现可触及的病灶后做出诊断，而可触及的病灶往往比较容易被发现
Sentence,s153,乳腺癌风险增高因而可能从筛查中获益更多的个体
Sentence,s154,不过，上述研究的结果与其他城市的类似研究结果（见前文所述研究）大致符合
Sentence,s155,评论：本项试验是唯一一项专门针对年龄在40到49岁间的女性设计的试验
Sentence,s156,初诊诊断为晚期肿瘤的预测因素包括西班牙裔（比值比为2.12）和年龄较小
Sentence,s157,这些差别与社会经济状态不同有关，并且可能反映出其缺乏筛查
Sentence,s158,随机分组：个体随机分组，MMG筛查试验一期临床试验（MMST I）将受试者根据出生年份分为不同的队列
Sentence,s159,﻿您也有很多其他途径可得到关于癌症治疗与服务的材料和信息
Sentence,s160,死亡原因分析：数据来源于英国国民医疗保健系统中心登记处，包括死亡证明代码等
Sentence,s161,英国及美国有关过度诊断的研究亦得到类似的结果
Sentence,s162,但遗憾的是，人群在多个方面存在不一致性，包括时间、地理、文化、是否应用绝经后激素替代治疗等
Sentence,s163,分析方法：对意向治疗集进行随访分析（尽管NHS向所有50岁女性提供筛查）
Sentence,s164,乳腺癌的诊断最常通过对乳腺组织固定标本进行病理学分析得到
Sentence,s165,死亡原因分析：根据死亡证明确定，部分可疑病例交由不了解实验详情的审核小组核定
Sentence,s166,（更多信息参见 肿瘤预防总论 和 乳腺癌的预防 等PDQ总结）
Sentence,s167,对于上述所有乳腺X线摄影筛查导致的潜在危害，其内部效度、一致性及外部效度均较佳
Sentence,s168,因这一群体人数较少，目前尚无研究证实该提议的获益
Sentence,s169,瑞典荟萃分析则不考虑分组，将所有既往诊断为乳腺癌的女性予以排除
Sentence,s170,计算机X-线成像技术（CR）使用可移动暗箱式检测仪和外源性阅片设备以获取数字化影像
Sentence,s171,但总体上，干预组剔除的病例数比对照组多出了86例
Sentence,s172,尽管最终分析采用了校正因子，但可能尚不足于校正分析结果
Sentence,s173,更新2014年新发病例与死亡病例的统计学数据（引用美国癌症研究所数据作为参考1）
Sentence,s174,第一次筛查时试验组女性受试者的参与度为74%；后续筛查时参与度均为70%
Sentence,s175,影像科医师的专业技能对于评价乳腺X线摄影的分析效能至关重要；而这种技能在不同的影像科医师间存在巨大而显著的差别
Sentence,s176,这三种诊断在乳头抽吸液检查的比例分别为16例（6%）、8例（3%）和1例（＜1%）
Sentence,s177,尚未有将临床乳腺检查（CBE）作为独立的筛查手段的随机试验被报道
Sentence,s178,然而事实上，在常规应用乳腺钼靶筛查的患者中，黑人女性及白人女性所检出的肿瘤期别类似
Sentence,s179,过度诊断指如果没有筛查，该肿瘤在患者死亡之前都不会引起任何临床表现
Sentence,s180,在美国，乳腺常规筛查通常需用到两个体位摄片：内外斜位和头尾位
Sentence,s181,接受BSE训练的试验组进行乳腺活检的病例更多，但在乳腺癌相关死亡率方面并无提高
Sentence,s182,多种分析乳腺组织是否恶性的方法被提议用作乳腺癌的筛查手段
Sentence,s183,更多临床试验的细节详见本总结的附录：随机对照临床试验一节
Sentence,s184,这样的挤压可以展开重叠组织，并降低成像所需的放射剂量
Sentence,s185,此外，共有383例女性采集到乳管灌洗液，而只有299例（78%）的样本量足够做出诊断
Sentence,s186,死亡原因分析：连接瑞典死亡原因登记处；也由独立的终点委员进行分析
Sentence,s187,此外，由于存在如领先时间偏倚等混杂因素，不同研究者在校准这些因素的同时对过度诊断的计算也会产生差异
Sentence,s188,"一项同期大型多队列研究共纳入254,758例FFDM筛查，487,334例SFM筛查，74,190例CR筛查结"
Sentence,s189,但是乳腺癌发生病例及死亡数经由瑞典专家组最终裁定，该专家组中包括研究者
Sentence,s190,事实上，随着筛查的广泛应用，乳腺癌发病率在筛查之初出现上升，但后来并未出现代偿性下降
Sentence,s191,另一项不同的研究提示，他莫昔芬辅助治疗可以降低浸润性乳腺癌的发生率
Sentence,s192,可能会影响放射科医师表现的因素包括：经验水平以及他们曾经阅读过的乳腺X线摄影片的数量
Sentence,s193,"更为重要的时，CR组的肿瘤检出率为每1,000例中检出3.4例，低于前两组；其调整后的OR值为0.79（95%CI，0.68-0.93）"
Sentence,s194,在乳腺X线摄影的实施过程中，为了减少身体活动引起的伪影并提高影像质量，挤压乳腺是一项重要的操作
Sentence,s195,​乳腺癌发病率和死亡风险随着地理分布、文化、种族、民族及社会经济状态的不同而不同
Sentence,s196,效应强度： 现有证据尚不充足，无法评价CBE的益处及危害
Sentence,s197,根据乳腺钼靶检查的结果，累积活检率（真阳性率）约为1/4（23.6%）
Sentence,s198,"样本量：报道各有不同，试验组和对照组的受试者数量分别为38,405-39,034例和37,145-37,936例"
Sentence,s199,试验组：第一次筛查为双视图MMG联合CBE；此后每年进行一次CBE，并分别在第3、5和7年，进行一次单视图MMG
Sentence,s200,第二项研究历时11年，将7个开展筛查项目的城市与5个未开展筛查项目的城市进行对比
Sentence,s201,经评估，在通过乳腺X线摄影筛查发现的所有乳腺肿瘤中，多达54%的病例为过度诊断
Sentence,s202,排除：两组均排除了既往有乳腺癌诊断的女性，且排除比例类似（每组均为1.2%）
Sentence,s203,数字乳腺X线摄影的检查价格高于乳腺屏-片检查（SFM），但在数据储存及分享方面更为先进
Sentence,s204,由于疾病十分少见，各种筛查性手段基本无效
Sentence,s205,理解并量化这些风险对于女性患者、临床医师、及公共政策制定者而言都是非常重要的
Sentence,s206,"样本量：报道各有不同，试验组和对照组的受试者数量分别为38,562-39,051例和18,478-18,846例"
Sentence,s207,评论：对年龄在50到54岁间的女性，并未发现筛查组结局事件减少；而其他5年差年龄组均发现类似的下降
Sentence,s208,但上述手段不能保证对受试者分组情况的保密
Sentence,s209,"一项结合10项研究的荟萃分析，共纳入82,573例使用乳腺数字和屏-片X线检查进行筛查的女性，并对两种筛查结果进行对比"
Sentence,s210,而针对四项瑞典临床试验进行的荟萃分析（随访分析法）同样显示实验组全因死亡率的轻度下降，且这种改变具有统计学意义
Sentence,s211,此外，上述及其他生态学研究的最主要限制在于，无法显示筛查的真实覆盖范围
Sentence,s212,敏感性和特异性之间往往存在一种折衷，比如较高的敏感性常常伴随较低的特异性
Sentence,s213,CAD系统通过放大可疑区域，如簇状微钙化和肿块，以辅助影像科医师阅读乳腺X线摄影的结果
Sentence,s214,乳腺影像方面的专科训练也可能会增加肿瘤的检出率，但是它同时也与较高的假阳性率有关
Sentence,s215,尽管有上述疑虑，很多因为年龄或健康状态而预期寿命有限的女性仍然常常会进行乳腺钼靶筛查
Sentence,s216,瑞典的3项基于人群的观察性研究对比了在有无乳腺X线摄影筛查的情况下，乳腺癌相关死亡率的差别
Sentence,s217,本项研究的研究设计和实施过程，使得该研究结果难以进行评估或与其他试验结果进行联合分析
Sentence,s218,经典双视图乳腺X线摄影的辐射剂量约为4 mSv，几乎不可能导致肿瘤产生
Sentence,s219,干扰：在本试验外无法进行筛查性MMG检查，但对照组女性CBE检查频率未知
Sentence,s220,乳腺组织一般取材自有症状部位或影像学检查发现异常的部位
Sentence,s221,而MMST II期试验收录了出生年份为1933年到1945年的女性组成完整队列，但是存在由于资源有限导致的差异
Sentence,s222,对照组：试验组最后一次筛查后3到8个月，对照组接受一次筛查检查
Sentence,s223,随机分组：根据英格兰、威尔士和苏格兰的地理分区对诊所就诊的女性进行分组；分组名单保密
Sentence,s224,评论：对照组的MMG筛查时间晚于试验组，因此评估分析需对此给出校正因子
Sentence,s225,乳腺癌筛查并不影响总体死亡率，且其对乳腺癌死亡率的绝对获益很小
Sentence,s226,评论：本试验所应用的MMG检查由于采用了过时的技术和设备，其检查质量相比于之后的临床试验来说更差
Sentence,s227,健康志愿者偏倚：选择进行筛查的人群通常是总体人群中最为健康，或者说最关注自身健康状态的女性
Sentence,s228,一般来说，用于研究乳腺癌相关死亡率的随机对照研究多采用固定的筛查间隔，且在不同临床试验间变异不大
Sentence,s229,对照组：未被邀请进入试验组的受试者接受常规医疗护理，且并不知晓已参与试验，其中只有极少受试者在随机分组前接受过筛查
Sentence,s230,总体上，导致乳腺钼靶检查结果出现假阳性的危险因素中，最有力的一项是该患者的放射科医师倾向于做出异常诊断
Sentence,s231,不同机构在进行诊断性乳腺X线摄影时，其假阳性率相差巨大；对医疗事故顾虑较高的机构假阳性率通常会较高
Sentence,s232,根据试验设计，对照组不会进行规律的临床随访，因此对照组受试者在入组前的肿瘤状态难以明确
Sentence,s233,绝经后激素替代治疗、肥胖、缺乏锻炼及饮酒等亦与乳腺癌发生风险增加有关
Sentence,s234,排除标准：干预组和对照组中均排除既往患有乳腺癌的女性，但不同报告中排除数量各有不同
Sentence,s235,此前两项非同期队列研究显示，CR组与SFM组的肿瘤检出率并无差异，且CR组的肿瘤检出率并无提高
Sentence,s236,FFDM组的召回率高于SFM组，但两组的侵袭性乳腺癌检出率无差异
Sentence,s237,另外一项研究对507例乳腺癌高危女性进行乳头抽吸液检查以及乳管灌洗液检查
Sentence,s238,在美国，乳腺X线摄影筛查的性能评估基准详见乳腺癌监管联合会（BSCS）网站
Sentence,s239,这些发现尽管十分有趣，但在癌症治疗得到进步的当代，这些结果可能与筛查诊断DCIS的女性患者无关
Sentence,s240,排除标准：两组均将既往患有乳腺癌的女性排除，但试验组（338例）剔除的病例数多于对照组（177例）
Sentence,s241,另一些临床试验则采取“随访”分析法，即不考虑乳腺癌的诊断时间，记录下所有乳腺癌致死的病例数
Sentence,s242,​假设进行筛查和未进行筛查的人群除了是否进行筛查外，其他指标都保持一致，因此就可以通过基于人群的研究来描述过度诊断的程度
Sentence,s243,一项在瑞典11个乡镇中开展的研究显示，在乳腺癌筛查出现后，乳腺癌发病率呈现持续性上升
Sentence,s244,热像图仪器已经过FDA 510（K）系统批准，不需要临床证据支持其疗效
Sentence,s245,西班牙裔和亚裔/太平洋岛居民相比于白人或黑人女性，乳腺癌发病率和相关死亡率都较低
Sentence,s246,因此，肿瘤检出的方式的确是患者结局的有力预测因素，对判断患者预后并决定治疗方式十分有用
Sentence,s247,因此，就乳腺钼靶筛查而言，过度诊断的程度大致波动于0%到54%之间，尚有很大争议
Sentence,s248,尽管在老年女性中进行乳腺钼靶筛查的肿瘤检出率约为1%；然而这些肿瘤中大部分都是低危肿瘤
Sentence,s249,乳腺X线摄影是应用最为广泛的筛查手段，对于40-74岁之间的女性，有充分证据显示该筛查手段有益
Sentence,s250,干扰：双城试验中13%的女性应用MMG作为常规筛查的一部分，其中大部分发生于1983和1984年
Sentence,s251,其他处于研究评估的检测技术还包括：超声波、磁共振成像、断层融合技术及乳腺分子成像技术等，多用于乳腺X线摄影的辅助检查
Sentence,s252,研究者因此猜测，导致乳腺癌相关死亡率下降最主要的原因可能是治疗手段的提高，而非筛查的应用
Sentence,s253,此外，距离最后一次乳腺筛查的时间间隔越长，再次行乳腺筛查检查的敏感性、召回率及肿瘤检出率均有所上升，同时特异性会下降
Sentence,s254,干扰：双城试验中13%的女性应用MMG作为常规筛查的一部分，其中大部分发生于1983和1984年
Sentence,s255,对于年龄在50-69岁间的女性，每2年筛查一次与不进行筛查相比，可以使得乳腺癌相关死亡病例数下降16.5%
Sentence,s256,在筛查试验组，研究者会在试验过程中对患者进行初次筛查时做出判断
Sentence,s257,间期癌是指在一次筛查结果正常到下一次筛查之前的间期内所诊断的肿瘤
Sentence,s258,CBE的检查应由训练有素的专业人士进行，每一侧乳腺检查应持续5到10分钟，且该专业人士应接受定期的质量评估
Sentence,s259,乳腺X线摄影的敏感性是指在已罹患乳腺癌的群体中检出肿瘤（阳性结果）的比例
Sentence,s260,"样本量：在已发表的不同报告中，试验组从40,318例降至38,525例受试者，而对照组从19,943例增至20,978例受试者"
Sentence,s261,评论：关于本试验的随机分组过程存在疑虑，尤其是第二个亚组试验。这些疑虑包括排除例数、对照组MMG时间延迟等
Sentence,s262,不过，亦有部分研究显示，假阳性事件所带来的焦虑感可能会导致受试者更积极地参与进一步筛查检查
Sentence,s263,另一项类似的大型研究发现引入CAD系统后，召回率及DCIS检出率均有所上升，而浸润性乳腺癌的检出率并无改变
Sentence,s264,此外，阳性预测值即乳腺筛查的异常结果中检出肿瘤的概率，约为3%到4%之间
Sentence,s265,一份所谓“正常”的乳腺筛查结果会诱使受试者及其临床医师忽视评估乳腺症状，而该受试者可能会因而产生更为负面的后果
Sentence,s266,在控制了年龄、淋巴结情况、肿瘤大小等变量后，分析结果显示筛查检出的肿瘤复发风险更小，总体生存率更好
Sentence,s267,FFDM组导管内原位癌的检出率升高，与簇状微钙化检出率增高相关
Sentence,s268,DCIS治疗后是否发生乳腺癌取决于病变的类型，同时也与实施的治疗相关
Sentence,s269,对照组的全因死亡率高于筛查组女性，这一结果极可能与两组间社会经济状态的差异有关
Sentence,s270,该项研究的这一发现也支持了筛查检出的肿瘤多为低危肿瘤及过度诊断的结果这一结论
Sentence,s271,导管内原位癌（DCIS）为非浸润性癌，但可发展为浸润性癌；其发生率及病程多样
Sentence,s272,2009年，CISNET的建模者对与乳腺X线摄影利弊相关的一些问题进行了研究，包括比较每年1次与每年2次筛查方案的区别
Sentence,s273,评论：本试验对比了两种不同的筛查方式，且不包括未筛查的对照组；这是本试验与众不同的设计
Sentence,s274,在这些研究中，MRI的特异性波动于37%到97%，召回率为乳腺X-线检查组的3到5倍之多，且总体PPV较低
Sentence,s275,由于每个诊所的医师需要判断就诊女性是否符合试验入组标准，因此受试者的录入并非持续进行
Sentence,s276,相比于社区医院的影像科医师，大型医疗中心的影像科医师在建议患者行进一步的活检检查时，其阳性预测值（PPV）往往更高
Sentence,s277,对比可知，单次胸部计算机断层扫描（CT）的辐射剂量为7 mSv，而单次腹部CT的辐射剂量则是12-20 mSv
Sentence,s278,虽然推荐每月进行一次乳腺自我检查，但尚无确凿证据显示上述检查有利于降低乳腺癌相关死亡率
Sentence,s279,一项双城临床试验中，分析证据显示，乳腺癌导致的死亡病例可能存在误判，从而使试验结果向筛查组偏倚
Sentence,s280,一项收录了576例女性间期癌患者的研究结果显示，间期癌更多见于40到49岁之间的女性
Sentence,s281,（更多信息参见本总结概述部分中 筛查：乳腺X线摄影的危害章节）
Sentence,s282,一些小规模队列研究结果显示，使用热像图辅助乳腺癌筛查并不增加获益
Sentence,s283,​曾有研究对比乳腺自我检查（BSE）与常规护理（即不进行筛查检查），结果提示BSE不能降低乳腺癌的死亡率
Sentence,s284,2001年到2007年间诊断的乳腺癌病例中，61%的白人女性和51%的黑人女性为局灶性肿瘤
Sentence,s285,尽管有些临床试验提示经过筛查的女性人群相比于未经筛查的女性人群，肿瘤相关生存指数更优；但下述几项重要偏倚或许能解释这一结果的出现：
Sentence,s286,（更多信息参见本份总结的乳腺癌的诊断和病理学部分的导管原位癌章节）
Sentence,s287,乳腺癌相关死亡的相对危险度，筛查组与对照组相比（95%CI）：年龄在39到59岁之间的女性：0.79（0.58-1.08）[评估分析法]；0.77（0.60-1.00）[随访分析法]
Sentence,s288,然而事实上在筛查项目被推广后，研究者并未观察到乳腺癌相关死亡率呈现增量递减的趋势，因此研究者的设想反而使结果难以立足
Sentence,s289,使用乳腺钼靶检查进行筛查可能在特定人群中有效降低乳腺癌相关死亡率，但它同样会使被筛查者暴露于多种危害之中
Sentence,s290,而在500例筛查结果为阳性的患者中，约有466-479例为假阳性，其中100-200例女性将接受有创检查
Sentence,s291,尽管年龄调整后的乳腺癌发病率在白人中高于黑人，但黑人女性的死亡率却较高
Sentence,s292,对不同国家的乳腺X线摄影筛查进行对比研究显示，在筛查系统高度集中、存在国家质量保证项目的国家，筛查的特异性更高
Sentence,s293,研究已经发现筛查可能会导致心理问题，这是因为大量女性的检查结果为假阳性，而这种困扰会随着进一步的检查而加重
Sentence,s294,因此普遍的规律显示，间期癌多具有快速生长的特性，且在被发现/诊断之时常常处于中晚期
Sentence,s295,正是由于上述潜在不可控混杂因素，及可能存在不公平的比较，使得生态学研究的结果较难解析
Sentence,s296,但由于死亡病例数较小，无法判断两组的乳腺癌相关死亡率的差别
Sentence,s297,​可靠证据显示，正式指导并鼓励进行BSE会导致更多的乳腺活检，以及诊断出更多的乳腺良性病灶
Sentence,s298,"换个说法，每1,700-5,000例接受筛查的女性，在随访15年后，有1例女性寿命延长"
Sentence,s299,这样的女性往往患有终末期肾病、严重痴呆、末期癌症或导致日常活动受限的严重并发症
Sentence,s300,对可触及性肿块进行活检最常用的方式是粗针穿刺活检，其他较为少用的方式分别是细针抽吸活检及手术切除。此外，影像学导引下穿刺往往能提高准确性
Sentence,s301,对于预期寿命不足5年的女性而言，筛查手段的利弊平衡十分重要
Sentence,s302,试验组：年龄小于50岁的女性每2年进行一次单视图MMG；年龄大于50岁的女性每33个月进行一次单视图MMG，共3次
Sentence,s303,效应强度： 效应强度随患者年龄、预期寿命和肿瘤类型（导管内原位癌，伴或不伴浸润）的不同而各异
Sentence,s304,尚无热像图相关随机临床试验用于评估热像图检出乳腺癌的能力，以及对乳腺癌相关死亡率的影响
Sentence,s305,社区临床医师相比于临床试验的检查者，应用CBE进行乳腺癌筛查时具有较高的特异性（97%-99%） 和较低的敏感性（22%-36%）
Sentence,s306,此外，后续分析发现本试验中由乳腺X线摄影检出的肿瘤中，其大小及期别与其他试验的数据相符
Sentence,s307,英国一项前瞻性临床试验随机纳入年龄分布于50到62岁间女性患者，分为两组，分别以一年和三年为间隔进行规律的乳腺X线摄影筛查
Sentence,s308,对不同数据进行国际审核和验证的可及性各有不同，而只有加拿大的临床试验采取正式的审核流程
Sentence,s309,超声检查的主要作用是对触诊或乳腺X线摄影检出的包块进行诊断性评估，而不用做初始筛查的手段
Sentence,s310,乳腺钼靶筛查和磁共振成像可以在这些女性中检出早期癌症，但相关益处及风险尚不明确
Sentence,s311,其中一些肿瘤可能在第一次乳腺X线摄影中即存在（假阴性事件）；而另一些则是在乳腺X线摄影筛查之后，迅速生长直至被诊断出
Sentence,s312,干扰：24%的对照组受试者曾经接受过至少一次MMG，而对于年龄在45到49岁间的对照组女性而言，该比例为35%
Sentence,s313,对临床触诊阴性的病灶进行活检通常是在立体定向乳腺X线摄影或超声导引下进行粗针穿刺活检，或者是在影像学引导定位后进行手术切除
Sentence,s314,​目前，由于无法准确区分肿瘤会保持隐性状态，还是会引起疾病或导致死亡，因此所有的肿瘤都需要进行治疗
Sentence,s315,"一项随访10年的研究共纳入1,983例芬兰浸润性乳腺癌女性患者，结果显示肿瘤检出方式是患者预后的独立危险因素"
Sentence,s316,"另外一项试验纳入了1998年至2003年间5,604例因筛查检出乳腺癌的英国女性受试者，并将分析结果与因症状检出乳腺癌的患者进行对比"
Sentence,s317,在西班牙裔女性中，不同收入的人群间却没有上述差别；不过事实上，所有西班牙裔人群都在白人的最低收入水平甚至更低
Sentence,s318,因此，如果一项研究没有对重要的患者特征进行调整，就有可能错误地高估准确性在机构间的差异
Sentence,s319,在乳腺癌病例及死亡病例中，1%为男性（更多信息参见本份总结的特殊人群部分）
Sentence,s320,"估算可得，对于年龄在40到49岁间的女性而言，每进行5,000到10,000次乳腺X线摄影，1-2例女性寿命延长"
Sentence,s321,结果提示两种成像技术在乳腺癌检出方面并无差别（数字成像术的AUC为0.78±0.02；屏-片成像术的AUC为0.74±0.02；P=0.18）
Sentence,s322,综上所述，出于对评估分析法的担忧，在对5项瑞典试验中的4项进行荟萃分析时，研究者选用了随访分析法
Sentence,s323,假设乳腺X线摄影的平均敏感性为80%，即筛查时会有约20%的乳腺癌病例被漏诊（假阴性事件）
Sentence,s324,试验组：年龄小于50岁的女性每2年进行一次单视图MMG；年龄大于50岁的女性每33个月进行一次单视图MMG，共3次
Sentence,s325,"一项研究纳入了2,400例女性，年龄分布于40到69岁之间，其中10年间共有16%的女性因乳腺症状前往所属健康管理机构寻求医疗干预"
Sentence,s326,（具体信息参考FDA有关基于MQSA的乳腺X线摄影机构调查、乳腺X-线成设备评估和医师资格要求的网页）
Sentence,s327,研究者为了解释这一结果提出了多种假说，包括社会经济状态更低、教育程度更低、更少有机会进行乳腺癌的筛查和治疗等
Sentence,s328,对于年龄小于50岁的女性，所有相关研究都显示数字乳腺X线摄影检查的敏感性更高，而特异性不低于应用乳腺屏-片X线检查
Sentence,s329,此外，粘液性、小叶性及快速生长的肿瘤，由于在X线上的表现类似正常乳腺结构，可能会在筛查中被遗漏
Sentence,s330, 效应强度：理论上，对年龄在40至80岁间女性进行每年一次的乳腺X线摄影，会在每1000人中导致一例乳腺癌的发生
Sentence,s331,在年轻的乳腺癌高危女性中直接比较乳腺MRI与乳腺X线摄影，结果显示MRI和乳腺X线摄影的敏感性分别为71%-100%和20%-50%
Sentence,s332,对上述临床试验的全因死亡率进行回顾性分析显示，只有爱丁堡试验具有组间显著差异，这可能归因于组间的社会经济学差异
Sentence,s333,就总体人群而言，敏感性约为79%；这一数值在年轻或乳腺组织致密的女性群体中要更低（详见BCSC网站）
Sentence,s334,评论：关于随机分组及评估分析法尚有存疑，二者均需对对照组MMG的延迟时间予以校正
Sentence,s335,也正是由于考虑到治疗手段的干扰，第三项研究进行了十分细致的分析，并得出筛查有效性甚微的结论
Sentence,s336,大量非对照临床试验及回顾性病例系列研究的结果已经显示乳腺X线摄影在诊断病灶较小的早期乳腺癌方面的优势，罹患病灶较小的早期乳腺癌的患者临床结局较为良好
Sentence,s337,排除标准：瑞典的一项荟萃分析从干预组和对照组中分别剔除了393例和412例既往患有乳腺癌的女性
Sentence,s338,乳腺癌相关死亡的相对危险度，筛查组与对照组相比（95%置信区间[CI]）：随访10年时为0.71 (0.55-0.93) ；随访15年时为 0.77 (0.61-0.97)
Sentence,s339,患有晚期肿瘤的患者中很大一部分人会继续进行肿瘤筛查；而事实上这些检查似乎并不能带来有意义的获益
Sentence,s340,在部分临床试验中，发现了年龄的组间差异，尽管在大多数研究中，这种差别大都微不足道，不足以影响整个试验结果
Sentence,s341,对于胸部接受过治疗性射线暴露的女性，推荐进行乳腺癌筛查，特别是对于辐射暴露时年龄较小的女性
Sentence,s342,乳腺癌死亡率是各项研究的主要结局指标，因此选取合适的方式判定死亡原因十分重要
Sentence,s343,美国1976-2008年进行的一项生态学分析对大于等于40岁女性早期乳腺癌和晚期乳腺癌的发病率进行了研究
Sentence,s344,为了明确筛查对发病率的影响，研究者对早期肿瘤发病率的上升幅度，以及晚期肿瘤发病率的下降幅度进行了对比
Sentence,s345,作者猜测乳腺癌治疗方式的进步及健康管理机构的发展，而非筛查，很可能才是导致乳腺癌相关死亡率下降的主要原因
Sentence,s346,肥胖女性相比于低体重和正常体重的女性，乳腺X线摄影的敏感性相同，但假阳性率高了20%
Sentence,s347,乳管灌洗液检查结果中，92例（24%）标本中发现了异常细胞，其中88例（17%）标本为轻度不典型增生，23例（6%）标本中出现严重不典型增生，而1例（＜1%）标本为恶性
Sentence,s348,​筛查时使用下述乳腺影像报告和数据系统（BI-RADS）分类法报告筛查结果：1，阴性；2，良性；0，不完全，需进行其他检查
Sentence,s349,在应用乳腺X线摄影及超声波检查的情况下，存在乳腺包块的女性中只有不到3%最终会被诊断为乳腺癌
Sentence,s350,已有研究者提议此类患者在放射治疗8年后，应每年进行一次磁共振成像（MRI）的乳腺筛查；若8年后未满25岁，则改从25岁起
Sentence,s351,本试验存在的最主要问题在于以下两点：试验初期随机分组的可靠性、及组别间排除既往有乳腺癌病史的受试者时方式不同
Sentence,s352,激素疗法与腺体密度增高有关，其不仅与乳腺X线摄影敏感性下降相关，也与间期癌的发生率升高相关
Sentence,s353,由于乳腺癌筛查可以早期检出肿瘤，因此可以通过估算筛查延长患者寿命的情况观察乳腺癌筛查的潜在益处
Sentence,s354,理论上，对于年龄在40-80岁间的女性，如每年进行一次乳腺X线摄影的检查，每1000例这样的女性中会产生一例乳腺癌患者
Sentence,s355,部分研究结果提示肿瘤检出方式是患者预后的一个强有力预测因素，对判断患者预后并决定治疗方式十分有用
Sentence,s356,"每1,000例年龄大于65岁的女性接受乳腺钼靶筛查，有85例女性会继续接受额外的诊断检查，其中9例最终被诊断为癌症"
Sentence,s357,在控制肿瘤大小、淋巴结情况、肿瘤级别、患者年龄等变量后，研究者发现与症状检出乳腺癌患者对比，筛查检出的乳腺癌患者生存有获益
Sentence,s358,对于任何一项专业研究而言，上述偏倚的严重程度都无法明确；因此，多数组织选择进行随机对照临床试验以评估筛查的疗效
Sentence,s359,一项基于人群的大型研究对比了引入CAD系统前后，筛查召回率及乳腺癌检出率的差异，而结果显示并无差别
Sentence,s360,"同样，结果显示虽然FFDM组的召回率较高，但FFDM组和SFM组的肿瘤检出率分别为每1,000例中检出4.9例和4.8例，并无差别"
Sentence,s361,结论：以下两大因素干扰了试验结果的判读：对照组MMG筛查时间延迟；对照组及试验组受试者人数的不均等（随机分组过程复杂）
Sentence,s362,此外，与单体位筛查技术相比，双体位筛查技术与更低的病人召回率相关；这是因为双体位筛查技术可以消除正常乳腺组织重叠引起的假性异常所致的疑虑
Sentence,s363,结果显示乳腺癌的总体发病率为4.4%，其中包括11例DCIS和93例浸润性乳腺癌；且这一结果与异常的乳头抽吸液细胞学结果有关
Sentence,s364,"研究者在2,701例女性中进行乳头抽吸液细胞学研究，并观察后续乳腺癌的发病率，其平均随访时间为12.7年"
Sentence,s365,研究者发现每个城市都出现了乳腺癌相关死亡率的下降，配对的组间没有因筛查与否而存在差异
Sentence,s366,480例乳腺癌高危女性接受了随机环乳晕细针抽吸活检术，并在术后接受了中位期为45个月的观察
Sentence,s367,尽管乳腺癌是女性最为常见的非表皮肿瘤，但筛查数据显示没1000名女性中只有不到5例乳腺癌患者
Sentence,s368,在上述病例中，低危组占到了三分之一， DCIS复发风险只有1%，且没有进展为浸润癌的病例；该结果与是否行术后放疗无关
Sentence,s369,因此，暂时不太可能将CBE作为一项单独的筛查手段，与常规护理（即不进行任何筛查检查）对比并评价其有效性
Sentence,s370,在研究期间，三分之一的女性曾经出现了异常乳腺X-线检查结果，并进行了进一步的检查，其中包括539例乳腺钼靶检查复查、186例超声检查及188例活检
Sentence,s371,"而对于25,620例年龄在40-49岁的女性，研究者只在试验入组时对其CBE结果进行评估，显示敏感性为71%，特异性为84%，而PPV为1.5%"
Sentence,s372,上述数字主要针对单次乳腺X线摄影，而女性在一生中可能接受乳腺癌筛查的时间约为20-30年
Sentence,s373,在控制患者特征及医师特征后，乳腺X线摄影能否能高效地筛查出肿瘤（特异性、PPV及曲线下面积[AUC]）还取决于筛查机构，并与机构特征息息相关
Sentence,s374,初次（第一次）行筛查检查发现乳腺癌的可能性最大。根据受检女性年龄不同，每1000例筛查女性中可检出9-26例乳腺癌
Sentence,s375,如果从40岁起（与50岁起对比）开始每2年进行一次筛查，乳腺癌相关死亡率可多下降3%；但这种方案会消耗更多资源，产生更多的假阳性事件
Sentence,s376,依靠红外线成像技术，乳腺热像图将皮肤的温度变化作为潜在肿瘤提示，并将这些温度变化以不同的颜色图案表示
Sentence,s377,试验组女性受试者的年龄大于对照组（P<0.0001），但这种差别对研究结果并无较大影响
Sentence,s378,这些模型所得出的乳腺癌相关死亡率的下降与RCT研究设置所得出的结果相似；但相比于RCT，建模研究还添加了先进的辅助性治疗方案
Sentence,s379,注：关于乳腺癌的其他总结，见乳腺癌的预防、乳腺癌的治疗、男性乳腺癌的治疗、乳腺癌的治疗与妊娠​
Sentence,s380,排除：两组均将不能确定地点或已故的受试者排除，但数目均偏小（试验组和对照组分别为30例和51例）
Sentence,s381,为了提高乳腺X线摄影的敏感性，研究者提出以上方案：改变饮食习惯、根据月经周期行乳腺筛查、在检查前中止激素疗法、以及应用数字化X线成像仪器
Sentence,s382,在加利福尼亚州圣地亚哥市，西班牙裔女性检出的乳腺癌肿瘤期别明显晚于白人女性，尤其对于年龄小于50岁的女性而言
Sentence,s383,80多岁和90多岁的女性接受筛查应按个体化原则进行，是否筛查需考虑到合并症和预期寿命
Sentence,s384,比如，如果一个模型的输出结果与年度筛查RCT的结果相符时，该模型被用于比较两年一次和每年一次筛查组的相对有效性时，其可信度也较高
Sentence,s385,而筛查诊断的肿瘤往往具有以下特征：多为导管来源、体积更小、低级别及激素敏感；其中很大一部分为导管原位癌
Sentence,s386,然而，另一项后续的研究将奈梅亨的乳腺癌相关死亡率数据与相邻城市阿纳姆对比，二者的乳腺癌相关死亡率并无差别，而阿纳姆市并未开展筛查项目
Sentence,s387,​为了明确筛查检出的肿瘤中被过度诊断的病例数，研究者可以将筛查群体在一段时间内的乳腺癌发病率与未进行筛查的群体进行对比
Sentence,s388,特别是当筛查手段检出低危恶性肿瘤时，很可能会建议患者进行治疗，而结果不仅不能提高生活质量和生存率，反而可能影响生活质量
Sentence,s389,如表1所示，一名60岁的女性在未来10年内被诊断为乳腺癌的风险要高于40岁的女性
Sentence,s390,在新墨西哥，一项基于人群的病例对照研究有719例西班牙裔女性和836例白人女性入组，该研究对她们的生育史进行回顾；其中各组中均有半数受试者患有乳腺癌
Sentence,s391,乳腺X线筛查显示阴性后12个月内发生的间期癌被认为可能与乳腺X线摄影敏感性低有关；在68%的病例中这被归因于乳腺腺体致密
Sentence,s392,本试验分为两个亚试验，其中第一个亚试验的分组保持平衡，而第二个亚试验的分组存在严重不平衡，筛查组受试者人数比对照组多508例
Sentence,s393,"第二项研究是英国针对乳腺癌早期检出的临床试验,该研究在两个地区共招募63,500例45-64岁女性受试者，并对受试者进行BSE相关教育课程"
Sentence,s394,​过度诊断偏倚：这是病程偏倚的一种极端状态；筛查可能会发现生长极为缓慢的肿瘤类型，这些肿瘤甚至在患者有生之年都不会存在任何临床表现
Sentence,s395,随机效应模型分析显示两种不同的筛查手段在肿瘤检出率方面并无统计学意义的差别（屏-片组的AUC为0.92，而数字组的AUC为0.91）
Sentence,s396,瑞典荟萃分析使用瑞典死亡原因登记处的信息，重新统计试验结果，并与既往的研究结果进行对比，比较显示筛查的优势弱于之前所报道的
Sentence,s397,在美国，乳腺X线摄影筛查对乳腺腺体造成的平均辐射剂量在单体位检查为1-2 mSv，而双体位检查中为2-4 mSv
Sentence,s398,在年龄小于50岁的女性中，数字乳腺X线摄影对乳腺癌的检出更佳（数字成像术的AUC为0.84±0.03；屏-片成像术的AUC为0.69±0.05；P=0.002）
Sentence,s399,为了获取接受常规筛查的女性中乳腺癌死亡率的数据，研究者开展了多项随机对照临床试验（RCT），共收入了来自四个国家的近50万例女性受试者
Sentence,s400,而在所有促使女性寻求医疗干预的乳房症状中，肿物最有可能导致乳腺癌诊断（10.7%），而疼痛则最不可能（1.8%）
Sentence,s401,当对比两组乳腺癌相关死亡率的数据时，上述试验方法间的差别很可能会产生实质性的偏倚，而这个偏倚往往会偏向于筛查组更优
Sentence,s402,"根据一位作者估算，10,000例年龄在50到70岁间接受筛查的女性中，9,500例女性的乳腺X线摄影的结果正常（包括真阴性和假阴性）"
Sentence,s403,1975年，荷兰的奈梅亨市在开展了一项基于人群的筛查项目，这一病例队列研究显示筛查女性的死亡率下降（比值比[OR] 0.48）
Sentence,s404,乳腺钼靶检查的特异性（更多信息参见本总结乳腺癌的筛查概念 一节）反映了假阳性事件的发生率，因此会影响额外干预的数量
Sentence,s405,本试验和NBSS-2试验与其他RCT之间的差别在于，对于已有腋窝淋巴结阳性的患者，在局部乳腺癌治疗后前两项试验均使用了激素辅助治疗和化疗
Sentence,s406,审核结果显示1980年到1985年间，研究应用的MMG为内外侧视图，而在1985年后，研究采用的MMG确是内外侧斜位视图
Sentence,s407,在所有筛查女性中，约有2%被评估为BI-RADS 3类，即很可能为良性，并被建议接受短期随访，其中少于2%女性最终发现癌症
Sentence,s408,例如，患晚期肿瘤的患者与对照者相比，至少进行一次乳腺钼靶筛查的比例为8.9%（95%置信区间[CI]，8.6%-9.1%），而对照组为22.0%（95%CI，21.7%-22.5%）
Sentence,s409,所谓的“完美”筛查会将约10%的“正常”女性诊断为乳腺癌，尽管其中的大部分肿瘤很可能并不会导致疾病或死亡
Sentence,s410,这一证据说明了大多数DCIS病灶不会进展为浸润性癌，而少数进展为浸润性癌的DCIS病例即使在进展后，仍然可以被成功治疗
Sentence,s411,另一项基于社区的病例对照研究在1983至1998年间进行，按照先进的美国健康管理系统进行乳腺癌的筛查研究，结果显示既往筛查史与乳腺癌相关死亡率下降并无关联
Sentence,s412,曾经罹患浸润性乳腺癌、DCIS或小叶原位癌的女性，其被诊断新发原发乳腺癌的风险也会增加
Sentence,s413,"数字乳腺X线摄影筛查临床试验（DMIST）是一项大型队列研究，共纳入42,760例女性，分别在美国的33个研究中心进行乳腺数字或屏-片X线检查"
Sentence,s414,乳腺癌诊断的延误是导致医疗诉讼最为常见的原因，在以赔偿原告告终的案例中，有半数都与乳腺X线摄影的假阴性结果有关
Sentence,s415,而在24个月内发生的间期癌则被认为与乳腺致密引起的乳腺X线摄影敏感性低（见于37.6%的病例）和肿瘤生长快速（见于30.6%的病例）都有关系
Sentence,s416,"一项芬兰研究收录了年龄在40到49岁之间的14,765例女性，将这些女性分为两组：偶数年出生的女性每年进行一次筛查，奇数年出生的女性每三年进行一次筛查"
Sentence,s417,对比不同城市的研究结果显示不管该城市何时开启筛查项目，都能引起乳腺癌相关死亡率相似的下降；但是，研究者并没有进行不同城市间的对比分析
Sentence,s418,随机分组：个体随机分组，但在不同组别间存在严重不平衡，包括绝经状态（P<0.0001）和教育程度（P=0.05）
Sentence,s419,黑人女性的乳腺癌生存状况可能比白人女性更差，至少部分是因为黑人女性的乳腺癌出现恶性组织学特征的比例更高，例如三阴性表型
Sentence,s420,对七项尸检研究进行总结，分析结果显示隐性浸润性乳腺癌的中位患病率为1.3%（范围，0%-1.8%），而导管内原位癌的中位患病率为8.9%（范围，0%-14.7%）
Sentence,s421,但在进行上述调整时，对于其他不确定因素对发病率的影响，研究者只给出了不确定的猜测；而对于研究期间治疗手段发展对发病率的影响，研究者并未提及
Sentence,s422,一项基于人群的研究结果显示，所有种族的美国医疗补助计划的受助者及无保险患者相比于其他人群而言，诊断乳腺癌时分期更晚，且自诊断起生存时间也更短
Sentence,s423,各项临床试验在试验设计、受试者的招募、干预方式（包括筛查和治疗手段）、对照组的处理、筛查组及对照组的分配方式以及对结果的评估等方面各异
Sentence,s424,乳腺钼靶检查筛查结果为异常的女性通常需要进行更多的乳腺相关影像检查以放大所关注的区域；进一步的检查方式包括超声、磁共振成像及组织活检（细针抽吸活检、粗针活检或切除活检等）
Sentence,s425,乳腺癌所致死亡病例仅占全因死亡病例的很少一部分，因此所有试验设计都是研究乳腺癌相关死亡率，而非全因死亡率
Sentence,s426,在短短5年的预期寿命内，早期检出肿瘤并治疗不仅不太可能减低发病率和死亡率，筛查所引起的负面反应却会立即出现
Sentence,s427,所以如果对照组的受试者最终死于乳腺癌，研究者需要进行回顾性研究以确定疾病诊断的具体日期
Sentence,s428,死亡原因分析：如果受试女性在入组前即被诊断为乳腺癌，且在试验过程中死于乳腺癌，这样的受试者将不被纳入筛查组与对照组的对比
Sentence,s429,使用乳腺X线摄影进行筛查时，较年轻女性相比于较老龄女性，其敏感性较低，假阳性率增高（更多信息参见乳腺癌监管联合会中年龄对影像学结果的影响一节）
Sentence,s430,但是，由于乳管灌洗筛查未曾与乳腺X线摄影进行比较，并且暂无证据提示乳管灌洗术作为筛查手段，可以改善疗效和死亡率，因此，是否将乳管灌洗术用做筛查或诊断手段尚在研究之中
Sentence,s431,目前现有的研究并未将临床乳腺检查（CBE）单独用于评估，多与其他检查一同进行研究；如一项加拿大的临床试验评估了乳腺X线摄影与CBE的联合应用，而其他临床试验则将其与乳腺X线摄影进行对比
Sentence,s432,对于大于40岁的女性，每年进行一次乳腺X线摄影所带来的益处，极可能已远远超过其潜在的风险，但是某些女性因遗传易感性可能会更易出现电离辐射损伤
Sentence,s433,使用多元回归分析和Cox比例风险分析，结果显示，不典型增生的诊断与患者后续发展为DCIS和浸润性乳腺癌相关
Sentence,s434,经过10年的随访，并与其他研究中心未接受系统化BSE培训的女性受试者对比，结果显示两组间乳腺癌相关死亡率并无差别（RR，1.07；95%CI，0.93-1.22）
Sentence,s435,腺体密度高是一项遗传特性，通常表现为家族性特性；但也会受到其他多种因素影响，包括年龄、内源性 及外源性激素、选择性雌激素受体调节剂如他莫昔芬、及饮食等
Sentence,s436,此外，本试验在受试者入组后对受试者进行了11-16年（平均13年）的随访，结果显示两组的乳腺癌相关死亡率并无差异（死亡率比值比为1.02[95%置信区间[CI]为0.78-1.33]）
Sentence,s437,一项大型随机临床试验发现，仅接受肿物局部切除术的DCIS患者中，13.4%在90个月内发展为同侧浸润性乳腺癌；而这一数值在联合应用乳腺肿瘤局部切除术及放疗的DCIS患者中，仅为3.9%
Sentence,s438,敏感性的高低取决于多种因素，包括肿瘤的大小、可触及度、激素敏感性、乳腺组织密度、患者年龄、筛查时间与月经周期的关系、总体影像质量以及影像科医师解读影像资料的能力
Sentence,s439,相比于X-线导引下细针定位手术活检，粗针穿刺活检导致最终手术步骤更少，且切缘干净的可能性更高
Sentence,s440,这些试验最初均采用“评估”分析，仅分析截至最后一次乳腺筛查检查及之前发现乳腺癌的女性的乳腺癌死亡率
Sentence,s441,在过去十年间，女性在应用绝经后激素治疗方面有所节制，因此乳腺癌发病率有所下降，但尚未降至广泛应用筛查性乳腺X线摄影之前的水平
Sentence,s442,一项研究评估乳腺X线摄影中疼痛及不适感发生率，结果显示90%的女性在检查过程中有不适感，而12%的女性将这种感觉描述为强烈或不可耐受
Sentence,s443,其中一项研究在瑞典25个乡镇中7个乡镇开展，主要对比了两个相邻的时间段内上述数值的差别，结果显示实施筛查项目后乳腺癌相关死亡率较无筛查项目的对照组下降了18%-32%，且在统计学上亦有显著差异
Sentence,s444,与乳腺X线摄影准确性相关的女性特征包括：年龄、腺体密度、是否初次行乳腺X线摄影以及距离上次乳腺X线摄影的时间
Sentence,s445,乳腺X线摄影的特异性指对于不存在肿瘤的患者，检查结果为正常的概率；反之，假阳性率即指对于不存在肿瘤的患者，检查结果为异常的概率
Sentence,s446,射线诱发的乳腺癌： 射线诱发突变可以导致乳腺癌产生，特别是在30岁前有射线暴露且辐射剂量较高时，如霍奇金疾病的斗篷式放疗
Sentence,s447,30岁前接受胸部放疗的女性，在距放疗8年后乳腺癌的年发病率为1%，且终生如此
Sentence,s448,"研究期间，在每100,000名女性受试者中，早期肿瘤检出例数绝对增加122例，而晚期肿瘤检出例数绝对减少8例"
Sentence,s449,这一有利结果可能反映出DCIS的良性性质、治疗有效性或自愿效应（即进行乳腺癌筛查的女性普遍比不进行筛查的女性更健康）
Sentence,s450,这些被漏诊的肿瘤多数为高危型，伴恶性的生物学特征（更多信息参见本份总结中乳腺癌的筛查概念中的间期癌一节）
Sentence,s451,"一项乳腺癌筛查研究收录了健康管理结构的2,400例女性，在10年间诊断出88例乳腺癌；其中58例由乳腺钼靶检查诊断"
Sentence,s452,另一项基于人群的研究亦显示，随着筛查系统在全国范围的推进，对于挪威50到69岁的女性群体，其浸润性乳腺癌的发病率上升54%，而瑞典则为45%
Sentence,s453,研究结果亦偏向于筛查有利的方面，然而同样遗憾的是，研究者并未考虑过辅助治疗手段的影响，亦未排除地理因素的差异（城镇对比乡村）对治疗手段的影响
Sentence,s454,一些临床试验采取个体随机分组方案，而另一些则使用整群随机分组方式产生不同队列并完成筛查。此外，尚有一项临床试验根据受试者的出生日非随机分组，且不考虑出生月份
Sentence,s455,尽管有人对试验的随机分组过程提出质疑，针对该过程的完全独立回顾分析却显示，尚无证据证明分组过程中出现分组错乱，即便有，分组错乱的数量也不太可能会影响到试验结果
Sentence,s456,"根据医疗保险制度要求，23,172例大于65岁的女性接受了乳腺钼靶筛查。一项研究通过分析上述结果发现，在每1,000例接受筛查的女性中，85例进行了随访检查，23例接受活检，7例被诊断为乳腺癌"
Sentence,s457,"​乳腺癌是美国女性最常见的非表皮性肿瘤，预计2014年原位癌病例约为62,570例，新发浸润性癌病例为232,670例，死亡病例数为40,000例"
Sentence,s458,对于非筛查检出的肿瘤，即使更有可能接受辅助性全身疗法，其死亡风险比仍高达1.90（95%置信区间[CI]为1.15-3.11）
Sentence,s459,试验结束前研究者对多个环节产生顾虑，包括MMG技术的充分性、影像科医师的培训以及设备的标准化等，因此需要进行独立的外部审核
Sentence,s460,持续10-11年的随访结果显示， 进行BSE的一组中共有135例乳腺癌相关死亡病例；而对照组则为131例（相对危险比[RR]为1.04；95%CI，0.82-1.33）
Sentence,s461,假设不存在过度诊断，且筛查过程的其他方面均保持不变的话，随着筛查手段的广泛应用，乳腺癌的发病率将会首先上升，随后下降至低于筛查前水平，而总发病率则基本保持不变
Sentence,s462,在一些研究中，最后一次乳腺筛查检查出现了不可控的延迟，在这段时间里，对照组又有一部分受试者新发或被诊断为乳腺癌
Sentence,s463,筛查手段的广泛应用一方面提高了某些人群的乳腺癌发病率，另一方面改变了肿瘤的统计学特征，即低级别肿瘤、癌前病变及导管内原位癌（DCIS）的发病率增加
Sentence,s464,"一项回顾性研究收入了1952年至1968年间进行的11,760例乳腺癌活检病例，共发现28例DCIS。这些病例均由体检发现，除进行活检明确诊断外并未行病灶切除，且在诊断后进行了长达30年的随访"
Sentence,s465,"在美国，1983年仅有4,900例女性被诊断为DCIS；而在2013年，随着乳腺X线摄影筛查的广泛应用，预计这一数值将达到将近64,000例"
Sentence,s466,一项荷兰单中心人群筛查项目比较了50-75岁女性接受全视野数字乳腺X线摄影检查（FFDM）的结果，其中FFDM包括对SFM筛查女性进行计算机辅助检测（CAD）
Sentence,s467,社会经济状态被认为与乳腺癌死亡率相关，在Edinburgh试验中，社会经济状态在试验组和对照组间具有显著差别，因此，尽管不是不可能，对该试验的结果进行解析仍然是非常困难的
Sentence,s468,从1984年到1989年间，诊断（并接受治疗的）DCIS的女性中，仅有1.9%在10年内死于乳腺癌。相比于同年龄的普通人群而言，这一死亡率相对较低
Sentence,s469,在瑞典的5项临床试验中，4项试验的设计为：试验组接受一系列乳腺X线摄影筛查，并在最后一次筛查检查时，让对照组同时接受一次乳腺X线摄影的筛查检查
Sentence,s470,对10项不同设计的对照研究进行总结，发现总体上数字乳腺X线摄影检查提高乳腺癌的检出率（包括侵袭性癌与DCIS），但两种检查方法的召回率并无一致结果
Sentence,s471,因此，研究者们设想，筛查前死亡率呈现逐年递减的趋势，这种趋势会持续到筛查开展后；而筛查的效应会导致死亡率的降幅愈来愈大
Sentence,s472,"对10,000例年龄在40-49岁间的女性进行同样的估算分析，假设同样有500例异常结果，则其中488例为假阳性，而另外12例为乳腺癌"
Sentence,s473,关于总结政策和PDQ编辑委员会职能的更多信息请参见关于本PDQ总结和PDQNCI综合性癌症数据库页面
Sentence,s474,与筛查检出肿瘤相比，间期和意外发现的肿瘤死亡相对风险为为1.53（95%CI，1.17-2.00）；而对照组发现的肿瘤与筛查检出肿瘤相比，该数值为1.36（95%CI，1.10-1.68）
Sentence,s475,2011年3月发表的一篇系统综述总结了多项生态学及大型队列研究的结果。该综述选取了参与者为年龄在50到69岁间的女性群体研究，比较开始乳腺癌筛查的时间不同对乳腺癌相关死亡率的影响
Sentence,s476,约15%的女性被推荐进行活检明确诊断，BI-RADS 4类，即可疑恶性者中30%最终被确诊为乳腺癌，BI-RADS 5类，即高度提示恶性者中95%最终被确诊为乳腺癌
Sentence,s477,所有的研究都存在方法学的不足，包括对照组的相异度、研究者对不同地区在乳腺癌风险及乳腺癌治疗方面的差异未予调整、以及对比地区用于计算乳腺癌相关死亡率的方法所存在的问题
Sentence,s478,然而在未抽吸出液体的352例女性中，乳腺肿瘤的发生率仅为2.6%， 327例表皮增生女性中，乳腺肿瘤发生率为5.5%，而58例不典型增生女性中，乳腺肿瘤发生率为10.3%
Sentence,s479,一项针对乳腺钼靶筛查的阿尔伯克基健康保护组织研究发现，西班牙裔女性与白人相比，进行乳腺癌筛查的比例一直较低（1989年分别为50.6%和65.5%；1996年分别为62.7%和71.6%）
Sentence,s480,"三年间隔组在100,738总人年数中有18例乳腺癌相关死亡病例；而1年间隔组在88,780总人年数中有18例乳腺癌相关死亡病例（风险比，0.88；95%CI, 0.59-1.27）"
Sentence,s481,可能提供这一相关信息的临床研究包括以下类型：对比筛查与未行筛查人群的非随机对照试验、在真实社区内开展的病例对照研究、用于检验筛查对大型人群的影响的模型研究
Sentence,s482,"唯一一项针对BSE的组织妥善的大型随机临床试验将266,064例上海女工随机分为两组。试验组根据指导进行BSE，并在试验中不断的强化和鼓励，而对照组则根据指导预防下腰痛"
Sentence,s483,例如，一项研究发现美国的召回率是英国的2倍之多，而二者的肿瘤检出率并无差别
Sentence,s484,另一项研究收录了61688名大于40岁的女性，观察在使用乳腺X线摄影进行筛查时，联合CBE是否可提高筛查效果
Sentence,s485,根据美国及英国的经济学研究结果，由于绝经后激素疗法和乳腺X线摄影筛查的广泛应用，自20世纪70年代起，DCIS和浸润性乳腺癌的发病率均有所上升
Sentence,s486,一项筛查研究发现对于存在阳性乳腺癌家族史的女性而言，若患者在进行乳腺筛查前接受过正常的病史询问，那么随后进行的乳腺筛查中，使用CBE比使用乳腺X线摄影，会检出更多的乳腺癌
Sentence,s487,欧洲乳腺癌筛查工作组发表了一篇总结既往文献和专家意见的综述，结论为“尚无明确证据支持使用超声波检查对任何年龄群体进行乳腺癌筛查”
Sentence,s488,全因死亡率的这种差异比对照组的乳腺癌相关死亡率高4倍，因而，这可能是对照组的乳腺癌死亡率高于筛查组的原因
Sentence,s489,一项执行得很好的生态学研究选取三对相邻的欧洲城市进行比较，其中每对城市在健康管理系统及人口结构方面相似，其中一个城市开启国家性筛查项目的时间较其它城市早几年
Sentence,s490,接受筛查的女性中约有10%会被召回，并进行进一步检查和评估，完整的诊断流程至少要包括乳腺X线摄影和B超检查中至少一项。通过完整的诊断流程，最终被召回的女性中有80%被诊断为正常或良性病变
Sentence,s491,上述试验类型中都有一个重要的关键点，即都可以控制筛查通过促进治疗以及提高社区人群对乳腺癌的关注度等方式对乳腺癌相关死亡率产生的额外效应
Sentence,s492,乳腺癌的其他高危因素还包括：遗传倾向（BRCA1 或 BRCA2及其他）；初潮年龄早及首次生育年龄晚；既往乳腺活检提示良性增生性乳腺疾病
Sentence,s493,尽管由乳腺X线摄影检出肿瘤并接受最佳治疗，这些女性中仍有部分会死于乳腺癌；而另有一部分患者即使没有被检出肿瘤，仍会继续生存，直至死于其他原因
Sentence,s494,尽管两组检出浸润性乳腺癌的病例数基本相等，但得到BSE指导的一组相比于对照组进行乳腺活检和检出良性病变的数目都更多
Sentence,s495,研究者开发出多种手段减少死亡归因过程中的偏倚，包括启用设盲监督委员会（纽约试验）或使用独立数据来源，如国家死亡注册中心（瑞典试验）
Sentence,s496,2009年对癌症干预和监测建模网络中六个建模组进行的联合分析显示，若每2年进行一次筛查，相比于每年一次筛查的方案，所带来的益处可以达到后者的81%，而假阳性事件的发生率却不足后者的一半
Sentence,s497,该综述提示不同研究的结果间存在巨大差异，其中四项研究中乳腺癌相关死亡率的相对下降率不小于33%（CI值范围较大），而另外五项研究中并无乳腺癌相关死亡率的下降
Sentence,s498,综合六个建模组的数据可知，对于年龄在50到74岁间的女性，如果从每年筛查一次改为每两年筛查一次乳腺癌，后者带来的乳腺癌相关死亡率下降维持在前者的72%到95%不等，中位数80%
Sentence,s499,其中加拿大国家乳腺筛查研究（NBSS）-2比较了单独应用临床乳腺检查（CBE）筛查与CBE联合乳腺X线摄影筛查两种方式；而另外8项临床试验则将常规护理组作为对照，试验组则采取乳腺钼靶筛查，伴或不伴CBE
Sentence,s500,尽管两组在检出肿瘤级别、淋巴结状态等方面基本相似，但在一年间隔组检出的多数肿瘤体积较小，且检出时间较三年组领先约7个月
Sentence,s501,建模时所作的假设不一定正确；然而当模型的总体结论与随机临床试验的结果大体一致，以及模型被用于内推或外推时，模型的可信度较高
Sentence,s502,"一项回顾性研究收录了939例患者，这些患者通过乳腺X线摄影发现了1,042个病灶；对这些病灶分别进行粗针穿刺或在X-线导引下细针定位手术切除，该方法发现恶性病灶的敏感性大于95%，特异性高于90%"
Sentence,s503,一项系统性观察研究招募了在30岁前接受大剂量（≥20Gy）胸部放疗的女性，结果显示乳腺癌的标准化发病率在13.3-55.5之间，且未随着年龄增加而出现平台期
Sentence,s504,常常被引用的八分之一风险是指，每八位女性中就有一位会被诊断（而非死于）为乳腺癌；这一数据是从出生开始计算的终生诊断率，与女性的年龄阶段无关
Sentence,s505,较长的潜伏期意味着更多的机会发现肿瘤，也就是说此类肿瘤更有可能通过筛查检测出来；此类肿瘤大多生长缓慢、预后良好，而与筛查并不相关
Sentence,s506,对于40-49岁之间的女性，如乳腺钼靶检查的结果为异常，其阳性预测值（PPV）为6.3%；而对于50-59岁间的女性群体及60-69岁间的女性群体而言，该值分别为6.6%和7.8%
Sentence,s507,加拿大国家乳腺筛查研究（NBSS）录入了年龄在50到59岁间的女性，分为两组，一组使用高质量的CBE联合乳腺X线摄影进行筛查，而对比组则单独使用CBE进行筛查（更多信息参见本份总结概述部分临床乳腺检查一节）
Sentence,s508,较高检查准确性常常见于仅进行筛查的机构，这类机构需要满足以下几点：有专门的乳腺影像科医师、 单人阅片而非双人阅片、每年至少2次专业稽查
Sentence,s509,相比于乳腺脂肪组织较多的女性而言，乳腺组织致密的女性（基于乳腺影像报告和数据系统[BI-RADS]分为不均匀致密或极其致密）发生乳腺癌的风险是前者的三到六倍
Sentence,s510,其局限性包括：假阳性（与试验特异性相关）、过度诊断（指不具有临床意义的真阳性事件）、假阴性（与试验敏感性相关）、试验所致不适感、射线危害及焦虑
Sentence,s511,试验组：试验组对年龄在48岁及以下的受试者提供每年进行一次MMG筛查（第一次为双视图筛查，此后均为内外侧斜位视图）；其中第一次筛查时有68%的受试者接受筛查，后向69%到70%的受试者再次发出筛查邀请（至少参加一次筛查的受试者占81%）
Sentence,s512,累积终生诊断率则随着年龄的增加而下降。这是因为，年轻的女性可能会在较小或较大的多个年龄阶段被诊断为乳腺癌，而年龄较大的女性在已经度过的年龄阶段已经不可能被诊断为乳腺癌，其终生诊断率相比于年轻女性自然较低
Sentence,s513,​本总结涉及乳腺癌筛查相关主题，涵盖的信息包括：乳腺癌的发病率和死亡率、乳腺癌相关危险因素、乳腺癌诊断流程以及各种乳腺癌筛查手段的利弊
Sentence,s514,在2000年，美国国家癌症研究所将多个建模组联合在一起（癌症干预和监测建模[CISNET]），用于评估筛查及辅助治疗手段分别对美国乳腺癌相关死亡率下降所作出的相对贡献
Sentence,s515,试验结果显示两组在以下方面均表现一致，即使是与其他单独应用乳腺X线摄影进行筛查的试验对比亦无差别。这些方面包括：检出肿瘤率、分期、间期癌及乳腺癌相关死亡率，导致上述结果的原因可能是实施CBE的专业人员接受过详细的培训和监管
Sentence,s516,一些研究者认为应将DCIS与浸润性乳腺癌放在一起进行数据统计；而其他研究者认为应类比宫颈及前列腺的癌前病变命名，将DCIS重新命名为导管上皮内瘤变，并在统计乳腺癌时除外这些DCIS病例
Sentence,s517,DMIST研究第二项分析结果显示，在年龄大于等于65岁的女性群体中，乳腺屏-片X线检查的肿瘤检出率更高（屏-片成像术的AUC为0.88；数字成像术的AUC为0.70；P=0.025）；但上述结果在多重比较分析后，并未显示统计学显著差异
Sentence,s518,对于乳腺癌发生风险较高的人群推荐使用磁共振成像进行乳腺癌筛查，这些人群包括：BRCA1/2 突变携带者、明确乳腺癌家族史、及部分遗传综合征如Li-Fraumeni 综合征或Cowden氏病
Sentence,s519,理论上，如果在肿瘤导致临床症状前通过筛查确立诊断，那么一段时间的筛查应用将会导致随后一段时间内肿瘤发生率的补偿性下降，如年人群发病率或老年女性的发病率
Sentence,s520,"单独评估CBE的各项指标，结果显示对于19,965例年龄在50-59岁之间的女性而言，在检查第1、2、3、4及5年的敏感性分别为83%、71%、57%、83%及77%；而特异性则在88%到96%之间"
Sentence,s521,随机分组：复杂：对于老年人群（年龄在50到59岁之间），根据出生年份按日期进行分组；而对于较年轻人群（年龄在39到49岁之间），进行个体随机分组；由于MMG可用性的不同（1982年到1984年间随机安排），试验组与对照组的人数比值各年也不同
Sentence,s522,此外，为弱势群体的女性（少数民族或种族的女性、或低教育程度、低收入及乡村妇女）提供服务的机构相比于为非弱势群体的女性服务的机构，其假阳性率也会较高；这可能是因为该群体的女性患者对于进行进一步检查的依从性更差
Sentence,s523,一项电话调研一共调查了308例女性，这些受试者均在调查前3个月接受过乳腺钼靶筛查，结果显示68例女性的检查结果为“可疑”，而这些女性中四分之一的受试者直至接受调查时仍然存在担忧。这种情绪严重影响了患者的情绪和社会活动，即使后续的检查结果已经排除了乳腺癌的诊断
Sentence,s524,英国百万妇女研究发表的结果显示，对于50-64岁间的女性患者，以下三种患者特征与乳腺X线摄影筛查的敏感性及特异性降低相关，包括：绝经后激素替代治疗、既往乳腺手术史及体重指数小于25
Sentence,s525,加拿大国家乳腺癌筛查研究-2招募了年龄在50至59岁的女性，分为2组，第一组采用临床乳腺检查（CBE）及乳腺X线摄影联合筛查乳腺癌；而第二组则单独采用CBE进行筛查，统计结果显示第一组发现的DCIS病例是第二组的4倍之多；而两组的乳腺癌死亡率并无差别
Sentence,s526,该项研究中最重要的偏倚是，筛查项目在这些城市被推广应用的时间刚好处于乳腺癌辅助治疗手段突飞猛进的时期，而这些改变恰恰被试验的研究者忽略了
Sentence,s527,领先时间偏倚：乳腺X线摄影发现的乳腺癌患者，其生存时间包含了检查发现乳腺癌到（如果不做检查）因出现临床症状而检出癌症的时间，但对于因症状发现的癌症患者而言，其生存时间不包括这段时间
Sentence,s528,对绝经后女性而言，其乳腺癌发病率在不同种族中的不同与多种生育因素有关，如初次足月分娩的年龄、产次、哺乳时间长短有关；然而对绝经前女性而言，尚无证据证明上述因素与乳腺癌发病率的差异有关
Sentence,s529,乳腺X线摄影的敏感性（更多信息参见本总结乳腺癌的筛查概念一节）在70%到90%之间，与女性的年龄及其腺体密度有感；后者则受多种因素影响，包括女性的遗传易感性、激素状态及饮食习惯
Sentence,s530,事实上研究结果中乳腺癌相关死亡率的下降，只有一部分源于乳腺癌筛查技术的开展；而综述认为这一部分不超过10%，且远远低于随机对照试验所预测的结果
Sentence,s531,然而事实上，广泛的筛查并未引起发病率的代偿性下降，提示筛查可能导致了过度诊断，即对临床上不重要的肿瘤作出诊断（更多信息参见本份总结 乳腺X线摄影筛查的危害 部分中过度诊断部分）
Sentence,s532,同样，另外三项筛查相关随机临床试验（健康保险计划、国家乳腺筛查研究[NBSS]-1和NBSS-2）同样对乳腺癌特性进行分析，包括分期、肿瘤大小、淋巴结情况等，结果显示筛查检出肿瘤具有更好的预后
Sentence,s533,第三项研究，也是最后一项研究，来自加拿大NBSS的病例对照研究，该研究对比了乳腺癌相关死亡率的病例及其入组前自检BSE的频率。结果显示使用以下方法进行乳腺自检的女性受试者，其乳腺癌相关死亡率更低，这些方法包括：肉眼检查、使用指腹触诊及使用中间三指进行检查
Sentence,s534,一项研究对706例DCIS患者进行了追踪，并根据这些结果开发了南加州大学/凡奈预后评估指数，即在罹患DCIS的患者中，根据年龄、切缘宽度、肿瘤大小及级别等计算出DCIS复发及进展为浸润癌的风险值
Sentence,s535,研究显示，在筛查女性中，检出局限性乳腺癌的相对危险度（RR）为3.3（95%CI，3.1-3.5），而转移性癌症的诊断率下降（RR，0.57）；这意味着筛查性乳腺X线摄影对于老年女性确有受益，尽管这种受益是建立在过度诊断风险提高的基础上
Sentence,s536,局灶性肿瘤的5年相对生存率在白人女性和黑人女性中分别为99.3%和92.6%；而对于区域性肿瘤，上述数值在白人和黑人女性中则分别为85.2%和72%；远处转移肿瘤的5年相对生存率在白人女性和黑人女性中分别为24.7%和14.8%
Sentence,s537,尽管表面上看MRI筛查更容易导致过度诊断（更多信息参见本份总结筛查性乳腺X线摄影的危害部分的过度诊断一节），但由于MRI相关所有研究均为观察性研究，因此无法对比MRI与其他筛查方法在乳腺癌相关发病率、生存率及死亡率方面的差异
Sentence,s538,在调整了激素治疗及其他不确定因素对发病率的影响后，研究结果显示筛查本身导致乳腺癌相关死亡率下降的程度（试验期间为28%）很小，而在所有被诊断乳腺癌的病例中，过度诊断的比例约在22%到31%之间
Sentence,s539,该荟萃分析中纳入的一项大型美国队列研究发现对于年龄小于50岁的女性而言，乳腺屏-片和数字乳腺X线摄影的敏感性分别为75.7%（95%CI，71.7-79.3）和82.4%（95%CI，76.3-87.5）；特异性分别为89.7%（95%CI，89.6-89.8）和88.0%（95%CI，87.8-88.2）
Sentence,s540,乳腺磁共振成像（MRI）可被用于女性乳腺疾病的诊断评估，包括评估硅胶乳房假体的完整性、评估手术或放疗后的可触性包块、在已有腋窝淋巴结转移的患者中发现乳腺X线摄影及超声检查未能检出的隐匿性乳腺癌、以及为一些已知乳腺癌患者进行术前规划
Sentence,s541,1998年一所研究所进行的乳腺钼靶检查稽查发现被检查者中有14.7%被推荐进行进一步的检查（乳腺影像报告和数据系统分类：0），而1.8%的受试者被推荐进行活检（分类4和5），另有5.7%的受试者被推荐在短期内重复进行乳腺钼靶检查（分类3）
Sentence,s542,此外，研究结果显示，对于乳腺癌高危女性，即具有既往乳腺活检病史或乳腺癌家族史的女性，上述联系（OR，0.74；95%置信区间[CI]，0.50-1.03）要强于平均危险程度的女性（OR，0.96；95%CI，0.80-1.14），但这种差别不具有统计学显著差异（P=0.17）
Sentence,s543,一项大型观察性研究发现，对于40岁的女性，如果每2年进行一次乳腺癌筛查，和每年一次筛查相比，在检出乳腺癌时肿瘤为晚期的风险轻度升高（分别为28%与21%；比值比（OR），1.35；95%置信区间[CI]，1.01-1.81）；在50岁或60岁的女性中进行类似对比，两组没有差别
Sentence,s544,尽管对筛查的RCT研究能够描述筛查的效力（即在RCT的标准设置下，筛查降低乳腺癌相关死亡率的程度），但它们无法给出关于筛查有效性的信息（即在美国人群中，筛查引起乳腺癌相关死亡率下降的程度）
Sentence,s545,另一项研究对比了279例筛查诊断的乳腺癌与150例间期癌的特性，结果提示间期癌更多见于年龄小于50岁的女性人群，且多为粘液性或小叶性。此外，间期癌往往具有更高的组织学级别、更强的增生能力、相对良性的乳腺X-线表现、伴或不伴钙化
Sentence,s546,"对2009年美国预防服务工作组的RCT（包括AGE临床试验）进行荟萃分析，结果显示对于40-49岁的女性，为了避免或推迟1例乳腺癌相关死亡病例，需要在10年内对1,904名女性进行筛查；而对于年龄在50-59岁间的女性及60-69岁间的女性而言，这一数字分别为1,399名和377名女性"
Sentence,s547,微小癌的过度诊断及过度治疗：微小癌指患者在有生之年永远不会因为该肿瘤产生症状或导致死亡；而对微小癌做出诊断反而会使患者暴露于多种危险之下，包括治疗的即刻损伤（手术致残及放疗、激素疗法、化疗的毒性）、晚期并发症（淋巴水肿）及治疗性辐射的晚期反应（新发肿瘤、瘢痕形成或心脏毒性）
Sentence,s548,根据各种变量的不同设定，在第九次乳腺钼靶检查检查时，至少出现一次假阳性事件的累积风险波动于5%到100%之间，与四个患者变量（年龄小、既往乳腺活检次数较多、乳腺癌家族史及正在应用雌激素）和三个放射学变量（筛查间隔较长、无法与前次乳腺X-线成像结果对比、及影像科医师倾向于做出异常结果诊断）相关
Sentence,s549,哈佛朝圣者医疗保健计划从1983年七月至1995年六月持续从上述研究的女性队列中纳入参与者，进行后续分析和数据建模。其结果显示该群体进行第一次乳腺钼靶检查检查时，出现至少一次假阳性结果的风险约为7.4%（95%置信区间[CI]为6.4%-8.5%）；而第五次及第九次检查时该概率分别为26.0%（95%CI，24.0%-28.2%）和43.1%（95%CI，36.6%-53.6%）
